<metadata xml:lang="en"><Esri><CreaDate>20220411</CreaDate><CreaTime>19340400</CreaTime><ArcGISFormat>1.0</ArcGISFormat><SyncOnce>FALSE</SyncOnce><DataProperties><itemProps><itemName Sync="TRUE">wc_restaurants</itemName><imsContentType Sync="TRUE">002</imsContentType><itemLocation><linkage Sync="TRUE">file://\\LAPTOP-UCOTIR2\C$\Users\eric.samson\Documents\ArcGIS\Projects\IntermediatePython_Session3\wc_restaurants.shp</linkage><protocol Sync="TRUE">Local Area Network</protocol></itemLocation><itemSize Sync="TRUE">0.000</itemSize></itemProps><coordRef><type Sync="TRUE">Geographic</type><geogcsn Sync="TRUE">GCS_WGS_1984</geogcsn><csUnits Sync="TRUE">Angular Unit: Degree (0.017453)</csUnits><peXml Sync="TRUE">&lt;GeographicCoordinateSystem xsi:type='typens:GeographicCoordinateSystem' xmlns:xsi='http://www.w3.org/2001/XMLSchema-instance' xmlns:xs='http://www.w3.org/2001/XMLSchema' xmlns:typens='http://www.esri.com/schemas/ArcGIS/2.9.0'&gt;&lt;WKT&gt;GEOGCS[&amp;quot;GCS_WGS_1984&amp;quot;,DATUM[&amp;quot;D_WGS_1984&amp;quot;,SPHEROID[&amp;quot;WGS_1984&amp;quot;,6378137.0,298.257223563]],PRIMEM[&amp;quot;Greenwich&amp;quot;,0.0],UNIT[&amp;quot;Degree&amp;quot;,0.0174532925199433],AUTHORITY[&amp;quot;EPSG&amp;quot;,4326]]&lt;/WKT&gt;&lt;XOrigin&gt;-400&lt;/XOrigin&gt;&lt;YOrigin&gt;-400&lt;/YOrigin&gt;&lt;XYScale&gt;11258999068426.238&lt;/XYScale&gt;&lt;ZOrigin&gt;-100000&lt;/ZOrigin&gt;&lt;ZScale&gt;10000&lt;/ZScale&gt;&lt;MOrigin&gt;-100000&lt;/MOrigin&gt;&lt;MScale&gt;10000&lt;/MScale&gt;&lt;XYTolerance&gt;8.983152841195215e-09&lt;/XYTolerance&gt;&lt;ZTolerance&gt;0.001&lt;/ZTolerance&gt;&lt;MTolerance&gt;0.001&lt;/MTolerance&gt;&lt;HighPrecision&gt;true&lt;/HighPrecision&gt;&lt;LeftLongitude&gt;-180&lt;/LeftLongitude&gt;&lt;WKID&gt;4326&lt;/WKID&gt;&lt;LatestWKID&gt;4326&lt;/LatestWKID&gt;&lt;/GeographicCoordinateSystem&gt;</peXml></coordRef><lineage><Process ToolSource="c:\program files\arcgis\pro\Resources\ArcToolbox\toolboxes\Conversion Tools.tbx\FeatureClassToFeatureClass" Date="20220411" Time="193405">FeatureClassToFeatureClass wc_restaurants C:\Users\eric.samson\Documents\ArcGIS\Projects\IntermediatePython_Session3\IntermediatePython_Session3.gdb wc_restaurants # "id "id" true true false 254 Text 0 0,First,#,wc_restaurants,id,0,254;@id "@id" true true false 254 Text 0 0,First,#,wc_restaurants,@id,0,254;amenity "amenity" true true false 254 Text 0 0,First,#,wc_restaurants,amenity,0,254;building "building" true true false 254 Text 0 0,First,#,wc_restaurants,building,0,254;cuisine "cuisine" true true false 254 Text 0 0,First,#,wc_restaurants,cuisine,0,254;name "name" true true false 254 Text 0 0,First,#,wc_restaurants,name,0,254;addr_house "addr_house" true true false 254 Text 0 0,First,#,wc_restaurants,addr_house,0,254;addr_postc "addr_postc" true true false 254 Text 0 0,First,#,wc_restaurants,addr_postc,0,254;addr_stree "addr_stree" true true false 254 Text 0 0,First,#,wc_restaurants,addr_stree,0,254;building_l "building_l" true true false 254 Text 0 0,First,#,wc_restaurants,building_l,0,254;name_en "name_en" true true false 254 Text 0 0,First,#,wc_restaurants,name_en,0,254;internet_a "internet_a" true true false 254 Text 0 0,First,#,wc_restaurants,internet_a,0,254;opening_ho "opening_ho" true true false 254 Text 0 0,First,#,wc_restaurants,opening_ho,0,254;phone "phone" true true false 254 Text 0 0,First,#,wc_restaurants,phone,0,254;website "website" true true false 254 Text 0 0,First,#,wc_restaurants,website,0,254;addr_city "addr_city" true true false 254 Text 0 0,First,#,wc_restaurants,addr_city,0,254;addr_state "addr_state" true true false 254 Text 0 0,First,#,wc_restaurants,addr_state,0,254;smoking "smoking" true true false 254 Text 0 0,First,#,wc_restaurants,smoking,0,254;takeaway "takeaway" true true false 254 Text 0 0,First,#,wc_restaurants,takeaway,0,254;wheelchair "wheelchair" true true false 254 Text 0 0,First,#,wc_restaurants,wheelchair,0,254;air_condit "air_condit" true true false 254 Text 0 0,First,#,wc_restaurants,air_condit,0,254;bar "bar" true true false 254 Text 0 0,First,#,wc_restaurants,bar,0,254;brewery "brewery" true true false 254 Text 0 0,First,#,wc_restaurants,brewery,0,254;delivery "delivery" true true false 254 Text 0 0,First,#,wc_restaurants,delivery,0,254;diet_vegan "diet_vegan" true true false 254 Text 0 0,First,#,wc_restaurants,diet_vegan,0,254;diet_veget "diet_veget" true true false 254 Text 0 0,First,#,wc_restaurants,diet_veget,0,254;email "email" true true false 254 Text 0 0,First,#,wc_restaurants,email,0,254;opening__1 "opening__1" true true false 254 Text 0 0,First,#,wc_restaurants,opening__1,0,254;outdoor_se "outdoor_se" true true false 254 Text 0 0,First,#,wc_restaurants,outdoor_se,0,254;reservatio "reservatio" true true false 254 Text 0 0,First,#,wc_restaurants,reservatio,0,254;brand "brand" true true false 254 Text 0 0,First,#,wc_restaurants,brand,0,254;brand_wiki "brand_wiki" true true false 254 Text 0 0,First,#,wc_restaurants,brand_wiki,0,254;brand_wi_1 "brand_wi_1" true true false 254 Text 0 0,First,#,wc_restaurants,brand_wi_1,0,254;official_n "official_n" true true false 254 Text 0 0,First,#,wc_restaurants,official_n,0,254;source "source" true true false 254 Text 0 0,First,#,wc_restaurants,source,0,254;addr_count "addr_count" true true false 254 Text 0 0,First,#,wc_restaurants,addr_count,0,254;drive_in "drive_in" true true false 254 Text 0 0,First,#,wc_restaurants,drive_in,0,254;microbrewe "microbrewe" true true false 254 Text 0 0,First,#,wc_restaurants,microbrewe,0,254;alt_name "alt_name" true true false 254 Text 0 0,First,#,wc_restaurants,alt_name,0,254;short_name "short_name" true true false 254 Text 0 0,First,#,wc_restaurants,short_name,0,254;descriptio "descriptio" true true false 254 Text 0 0,First,#,wc_restaurants,descriptio,0,254;fixme "fixme" true true false 254 Text 0 0,First,#,wc_restaurants,fixme,0,254" #</Process><Process ToolSource="c:\program files\arcgis\pro\Resources\ArcToolbox\toolboxes\Data Management Tools.tbx\DeleteField" Date="20220411" Time="193613">DeleteField wc_restaurants id;F_id;building;addr_house;addr_postc "Delete Fields"</Process><Process ToolSource="c:\program files\arcgis\pro\Resources\ArcToolbox\toolboxes\Data Management Tools.tbx\DeleteField" Date="20220411" Time="194038">DeleteField wc_restaurants addr_stree;building_l;name_en;internet_a "Delete Fields"</Process><Process ToolSource="c:\program files\arcgis\pro\Resources\ArcToolbox\toolboxes\Data Management Tools.tbx\DeleteField" Date="20220411" Time="194047">DeleteField wc_restaurants opening_ho;phone;website;smoking "Delete Fields"</Process><Process ToolSource="c:\program files\arcgis\pro\Resources\ArcToolbox\toolboxes\Data Management Tools.tbx\DeleteField" Date="20220411" Time="194101">DeleteField wc_restaurants takeaway;wheelchair;air_condit;bar;brewery;delivery;diet_vegan;diet_veget;email;opening__1;outdoor_se "Delete Fields"</Process><Process ToolSource="c:\program files\arcgis\pro\Resources\ArcToolbox\toolboxes\Data Management Tools.tbx\DeleteField" Date="20220411" Time="194118">DeleteField wc_restaurants reservatio;brand;brand_wiki;brand_wi_1;official_n;source;addr_count;drive_in;microbrewe;alt_name;short_name;descriptio;fixme "Delete Fields"</Process><Process ToolSource="c:\program files\arcgis\pro\Resources\ArcToolbox\toolboxes\Data Management Tools.tbx\CalculateField" Date="20220411" Time="194134">CalculateField wc_restaurants addr_city 'Walnut Creek' "Python 3" # Text NO_ENFORCE_DOMAINS</Process><Process ToolSource="c:\program files\arcgis\pro\Resources\ArcToolbox\toolboxes\Data Management Tools.tbx\CalculateField" Date="20220411" Time="194143">CalculateField wc_restaurants addr_state 'CA' "Python 3" # Text NO_ENFORCE_DOMAINS</Process><Process ToolSource="c:\program files\arcgis\pro\Resources\ArcToolbox\toolboxes\Data Management Tools.tbx\CalculateField" Date="20220411" Time="203820">CalculateField wc_restaurants cuisine null Arcade # Text NO_ENFORCE_DOMAINS</Process><Process ToolSource="c:\program files\arcgis\pro\Resources\ArcToolbox\toolboxes\Conversion Tools.tbx\FeatureClassToFeatureClass" Date="20220411" Time="204500">FeatureClassToFeatureClass wc_restaurants C:\Users\eric.samson\Documents\ArcGIS\Projects\IntermediatePython_Session3 wc_restaurants.shp # "amenity "amenity" true true false 254 Text 0 0,First,#,wc_restaurants,amenity,0,254;cuisine "cuisine" true true false 254 Text 0 0,First,#,wc_restaurants,cuisine,0,254;name "name" true true false 254 Text 0 0,First,#,wc_restaurants,name,0,254;addr_city "addr_city" true true false 254 Text 0 0,First,#,wc_restaurants,addr_city,0,254;addr_state "addr_state" true true false 254 Text 0 0,First,#,wc_restaurants,addr_state,0,254" #</Process><Process ToolSource="c:\program files\arcgis\pro\Resources\ArcToolbox\toolboxes\Data Management Tools.tbx\UpdateSchema" Date="20220411" Time="211258">UpdateSchema "CIMDATA=&lt;CIMStandardDataConnection xsi:type='typens:CIMStandardDataConnection' xmlns:xsi='http://www.w3.org/2001/XMLSchema-instance' xmlns:xs='http://www.w3.org/2001/XMLSchema' xmlns:typens='http://www.esri.com/schemas/ArcGIS/2.9.0'&gt;&lt;WorkspaceConnectionString&gt;DATABASE=C:\Users\eric.samson\Documents\ArcGIS\Projects\IntermediatePython_Session3\wc_restaurants&lt;/WorkspaceConnectionString&gt;&lt;WorkspaceFactory&gt;Shapefile&lt;/WorkspaceFactory&gt;&lt;Dataset&gt;wc_restaurants.shp&lt;/Dataset&gt;&lt;DatasetType&gt;esriDTFeatureClass&lt;/DatasetType&gt;&lt;/CIMStandardDataConnection&gt;" &lt;operationSequence&gt;&lt;workflow&gt;&lt;AddField&gt;&lt;field_name&gt;Rating&lt;/field_name&gt;&lt;field_type&gt;TEXT&lt;/field_type&gt;&lt;field_length&gt;255&lt;/field_length&gt;&lt;field_is_nullable&gt;False&lt;/field_is_nullable&gt;&lt;field_is_required&gt;False&lt;/field_is_required&gt;&lt;/AddField&gt;&lt;/workflow&gt;&lt;/operationSequence&gt;</Process></lineage></DataProperties><SyncDate>20220411</SyncDate><SyncTime>20450000</SyncTime><ModDate>20220411</ModDate><ModTime>20450000</ModTime></Esri><dataIdInfo><envirDesc Sync="TRUE">Microsoft Windows 10 Version 10.0 (Build 19044) ; Esri ArcGIS 12.9.0.32739</envirDesc><dataLang><languageCode value="eng" Sync="TRUE"></languageCode><countryCode value="USA" Sync="TRUE"></countryCode></dataLang><idCitation><resTitle Sync="TRUE">wc_restaurants</resTitle><presForm><PresFormCd value="005" Sync="TRUE"></PresFormCd></presForm></idCitation><spatRpType><SpatRepTypCd value="001" Sync="TRUE"></SpatRepTypCd></spatRpType></dataIdInfo><mdLang><languageCode value="eng" Sync="TRUE"></languageCode><countryCode value="USA" Sync="TRUE"></countryCode></mdLang><distInfo><distFormat><formatName Sync="TRUE">Shapefile</formatName></distFormat><distTranOps><transSize Sync="TRUE">0.000</transSize></distTranOps></distInfo><mdHrLv><ScopeCd value="005" Sync="TRUE"></ScopeCd></mdHrLv><mdHrLvName Sync="TRUE">dataset</mdHrLvName><refSysInfo><RefSystem><refSysID><identCode code="4326" Sync="TRUE"></identCode><idCodeSpace Sync="TRUE">EPSG</idCodeSpace><idVersion Sync="TRUE">6.2(3.0.1)</idVersion></refSysID></RefSystem></refSysInfo><spatRepInfo><VectSpatRep><geometObjs Name="wc_restaurants"><geoObjTyp><GeoObjTypCd value="004" Sync="TRUE"></GeoObjTypCd></geoObjTyp><geoObjCnt Sync="TRUE">0</geoObjCnt></geometObjs><topLvl><TopoLevCd value="001" Sync="TRUE"></TopoLevCd></topLvl></VectSpatRep></spatRepInfo><spdoinfo><ptvctinf><esriterm Name="wc_restaurants"><efeatyp Sync="TRUE">Simple</efeatyp><efeageom code="1" Sync="TRUE"></efeageom><esritopo Sync="TRUE">FALSE</esritopo><efeacnt Sync="TRUE">0</efeacnt><spindex Sync="TRUE">FALSE</spindex><linrefer Sync="TRUE">FALSE</linrefer></esriterm></ptvctinf></spdoinfo><eainfo><detailed Name="wc_restaurants"><enttyp><enttypl Sync="TRUE">wc_restaurants</enttypl><enttypt Sync="TRUE">Feature Class</enttypt><enttypc Sync="TRUE">0</enttypc></enttyp><attr><attrlabl Sync="TRUE">FID</attrlabl><attalias Sync="TRUE">FID</attalias><attrtype Sync="TRUE">OID</attrtype><attwidth Sync="TRUE">4</attwidth><atprecis Sync="TRUE">0</atprecis><attscale Sync="TRUE">0</attscale><attrdef Sync="TRUE">Internal feature number.</attrdef><attrdefs Sync="TRUE">Esri</attrdefs><attrdomv><udom Sync="TRUE">Sequential unique whole numbers that are automatically generated.</udom></attrdomv></attr><attr><attrlabl Sync="TRUE">Shape</attrlabl><attalias Sync="TRUE">Shape</attalias><attrtype Sync="TRUE">Geometry</attrtype><attwidth Sync="TRUE">0</attwidth><atprecis Sync="TRUE">0</atprecis><attscale Sync="TRUE">0</attscale><attrdef Sync="TRUE">Feature geometry.</attrdef><attrdefs Sync="TRUE">Esri</attrdefs><attrdomv><udom Sync="TRUE">Coordinates defining the features.</udom></attrdomv></attr><attr><attrlabl Sync="TRUE">amenity</attrlabl><attalias Sync="TRUE">amenity</attalias><attrtype Sync="TRUE">String</attrtype><attwidth Sync="TRUE">254</attwidth><atprecis Sync="TRUE">0</atprecis><attscale Sync="TRUE">0</attscale></attr><attr><attrlabl Sync="TRUE">cuisine</attrlabl><attalias Sync="TRUE">cuisine</attalias><attrtype Sync="TRUE">String</attrtype><attwidth Sync="TRUE">254</attwidth><atprecis Sync="TRUE">0</atprecis><attscale Sync="TRUE">0</attscale></attr><attr><attrlabl Sync="TRUE">name</attrlabl><attalias Sync="TRUE">name</attalias><attrtype Sync="TRUE">String</attrtype><attwidth Sync="TRUE">254</attwidth><atprecis Sync="TRUE">0</atprecis><attscale Sync="TRUE">0</attscale></attr><attr><attrlabl Sync="TRUE">addr_city</attrlabl><attalias Sync="TRUE">addr_city</attalias><attrtype Sync="TRUE">String</attrtype><attwidth Sync="TRUE">254</attwidth><atprecis Sync="TRUE">0</atprecis><attscale Sync="TRUE">0</attscale></attr><attr><attrlabl Sync="TRUE">addr_state</attrlabl><attalias Sync="TRUE">addr_state</attalias><attrtype Sync="TRUE">String</attrtype><attwidth Sync="TRUE">254</attwidth><atprecis Sync="TRUE">0</atprecis><attscale Sync="TRUE">0</attscale></attr></detailed></eainfo><mdDateSt Sync="TRUE">20220411</mdDateSt></metadata>
